{"cameraMode":{"drawMode":0,"name":"Shaded","section":"Shading Mode"},"sceneLighting":true,"audioPlay":false,"sceneViewState":{"m_AlwaysRefresh":false,"showFog":true,"showSkybox":true,"showFlares":true,"showImageEffects":true,"showParticleSystems":true,"showVisualEffectGraphs":true,"m_FxEnabled":true},"in2DMode":false,"pivot":{"x":62.01766586303711,"y":13.748794555664063,"z":10.563437461853028},"rotation":{"x":-0.009166207164525986,"y":-0.7340726256370544,"z":-0.009910589084029198,"w":0.6789374351501465},"size":10.344621658325196,"orthographic":false}